L4,H3,H2,L4,H4
L3,H1,H1,L3,H1
H2,H5,H5,H1,L3
L1,H4,H1,M,H5
M,H1,H5,H1,M
H4,L2,H2,H3,L2
L4,H3,L4,H1,L1
H1,L1,H1,H4,H4
L2,H1,L1,H5,H2
H2,H5,H3,L4,H1
H5,L1,M,L2,H2
H3,H1,L1,H3,L2
H4,H4,H4,L3,H1
H1,H3,H5,L2,L4
H2,H5,L3,H1,H1
H5,H1,H2,H2,H2
H1,H2,M,H5,H5
H3,L2,H3,L1,H3
L4,H5,S,M,L3
H1,H1,H2,L4,H4
H3,H4,H4,H1,H1
H4,S,H1,H2,H4
L3,L4,H3,H1,H2
L4,L1,L4,H4,H3
H1,H1,H1,L1,H4
H5,H3,L2,H4,H2
H3,H1,H3,H2,H1
H1,H2,M,H1,H3
H5,M,H2,H3,H4
H1,L4,H1,H1,L1
H5,H2,H2,H3,H1
L3,H1,H5,H1,H3
H1,H2,H1,H4,L2
H2,H3,H4,L2,S
H1,H1,H1,L1,L1
H2,H2,L3,H1,H1
L1,L3,H1,L1,L3
H3,H4,L3,H3,M
H4,M,L4,L3,H1
H1,H1,H1,H4,H2
H3,H4,H4,M,L2
H1,M,H3,H1,H1
M,H1,H4,H2,H5
H4,H4,H1,H1,L4
L2,H1,L4,H2,H2
L1,L4,H1,H5,L4
H1,H1,H5,H1,L3
L2,H5,L2,H2,H1
H2,L3,H3,H1,H3
S,H1,H1,H2,H1
H3,L3,L3,S,L1
H1,H2,L2,H1,L4
M,L1,H4,H3,H1
H5,H5,L1,L3,H5
H1,H2,H5,L2,H1
L2,H3,H1,H5,H3
L1,L2,H2,H3,H5
H4,H1,H1,H2,H2
H2,L4,H2,H5,H3
H1,H3,L2,H1,H1
H2,L2,H3,L4,M
L3,L3,L1,H5,H5
H1,H2,H1,H4,H1