P,L4,P,L4,P
L1,L4,H3,P,H2
P,L1,P,W,P
H1,P,P,P,P
L3,P,L5,L4,H2
P,L2,P,P,H4
H3,L2,W,P,H4
H2,L4,L5,H2,H3
L4,P,H2,L3,W
P,L5,P,L3,H3
L5,W,H2,H1,P
H3,P,L4,W,L5
P,P,P,H1,P
H4,L3,L4,P,P
L5,P,H4,H4,L4
P,P,H1,H4,P
H4,L3,H1,H3,P
P,W,L1,P,L4
H1,L1,W,P,P
P,P,L1,P,W
H1,L3,L3,W,H1
L5,W,L3,P,L4
H2,L3,L3,L5,L2
L2,L5,W,H4,W
L2,P,L2,H4,H3
L5,L5,P,H4,H3
P,P,L2,L2,L3
H2,H4,L1,L2,P
P,W,P,P,P
H2,H4,L1,W,P
H1,P,W,P,H4
L5,L1,P,L5,H1
L1,H2,L5,L5,W
P,P,L5,H3,P
L1,H1,P,P,L2
L5,H1,P,L3,L2
P,P,L5,P,H4
P,L5,W,L3,P
L5,P,P,H2,L3
L5,H2,H3,P,W
P,H2,P,W,P
L5,H2,P,H2,L4
P,H2,H1,H2,H2
H2,H2,P,P,W
L4,W,H1,P,P
P,P,H3,H2,L5
H4,H1,P,L5,L5
P,P,H3,H4,L5
H4,H1,H1,P,L1
H4,P,L2,P,P
P,W,L2,L4,L1
H4,L4,H4,W,H1
H2,L1,H4,L4,H4
L4,P,W,P,W
P,L1,P,L1,H2
P,W,P,P,P
L4,H4,H2,H1,H2
H3,P,H2,H1,P
L2,H4,P,L3,P
P,H3,H4,L5,H3
L2,P,W,H2,L1
P,L2,P,L1,H3
L3,H1,P,W,P
P,P,H4,L1,P
H3,H1,P,P,H1
H1,P,P,L2,H1
H1,L4,P,P,P
L2,P,L4,L2,L1
L2,H3,P,P,W
L1,L4,P,H1,P
L1,L3,L4,L3,H1
L1,P,P,L5,L3
L5,W,L2,P,P
P,P,L5,W,L3
L5,L3,P,L4,W
P,P,H3,L4,L5
L5,P,W,H1,L5
L3,L2,L3,P,P
L3,L2,L3,L1,L3
L4,L2,L3,L1,L2
L5,W,L2,P,P
P,P,W,H3,L1
L4,H4,L1,W,L1
L5,H4,H1,P,L4
L3,P,L4,H3,L4
P,H3,L4,H3,P
H3,H3,P,H3,L2
L5,L1,L1,P,L2
H3,L5,H3,L1,H2
P,L5,W,W,P
P,H3,P,L2,P
L3,H3,H2,L2,W
L5,W,H4,P,L3
P,P,H2,P,H4
