L1,H5,H5,L4,L1
L3,L4,L3,L3,L3
H2,L1,SW,H3,H1
H5,L4,H5,L2,L2
H2,H1,L3,L1,L4
L3,L1,L1,H4,H3
L4,W,H5,L4,H1
L1,L4,L4,L3,H2
H5,H5,H4,L1,L2
H4,H1,L4,L4,H5
H5,H3,L2,H5,L4
L4,L2,H4,SW,L3
H3,L4,L1,H2,H3
H5,L1,L4,L4,L1
L3,H2,H4,H3,H5
H1,H5,L1,L2,H4
L3,W,H5,H1,H5
H5,L2,L3,L3,H3
L3,H4,H5,H4,L1
L4,L3,H1,L1,L4
H5,L1,L2,L2,L2
L2,H4,H4,H5,H2
L4,H5,H2,L2,L3
L1,L4,L2,H5,L4
L2,H1,L3,H4,L2
H3,H2,H3,L3,H5
H4,H3,L2,L4,H4
L2,L2,H2,L2,L1
H3,H4,H3,S,L3
L2,H5,L1,H3,L1
L1,L1,H1,H5,W
H5,L3,L2,H2,L2
L1,L4,H5,H4,H1
H4,L1,H4,W,L3
L4,L4,H5,H5,H5
L1,L2,H2,L1,L4
H3,H4,L1,W,L2
H1,L3,L2,L3,H2
L2,H4,L1,L1,L3
S,H3,L4,H5,L4
H4,L1,L3,L2,H4
L3,L2,H4,H1,H5
L4,H3,H5,L3,L1
L2,L1,L4,H2,W
H5,H5,H1,L3,H4
L3,SW,L4,S,L3
L4,H5,L2,H3,H3
H2,L2,W,H2,L3
H3,L3,L1,H1,H2
L2,L2,H2,L4,S
H1,H3,W,L1,L1
H2,L3,L4,L2,L4
L1,H2,L2,L4,L2
L3,L3,H3,H3,H5
L2,H5,L4,H4,L1
L4,S,L3,H5,L4
H5,L2,L2,L2,S
H4,L3,L3,L1,H5
L1,H4,L1,H4,L2
L3,L2,H3,L2,H4
L2,H2,S,L1,L1
L1,L3,L1,L4,H4
H4,L4,H3,L3,H3
L4,L1,L3,L1,L2