L4,H5,H5,L3,H5
L3,L2,H2,L2,H4
H2,H4,H1,C,H1
H1,H1,S,H1,L1
C,L2,H2,W,L2
H4,H2,H1,H2,H3
L4,L1,L1,L4,H4
H1,H1,L3,H3,W
L2,H2,W,C,H4
H2,H4,H1,L4,H1
H5,W,H4,H5,L3
H3,H2,H5,H1,H2
H4,C,L1,H4,H3
W,L1,C,H1,H5
H2,H1,H4,L2,H1
H5,W,H1,H2,H4
W,H1,H3,S,H3
H3,H5,L4,H5,L3
H1,H3,H3,L1,H1
W,C,L2,H3,H2
H3,H1,H2,W,C
H4,L4,W,H2,H4
L3,C,H3,W,H2
L4,H1,H4,L1,L4
H1,S,W,W,H4
H5,L4,H2,H3,L1
H3,H5,L4,L1,H1
L2,L1,H4,H1,W
H5,H1,H3,L4,H2
H1,H2,H1,H4,L2
H5,H3,L4,H5,L1
L4,H2,L3,H3,C
H3,H3,H2,L3,H1
H2,W,C,H2,C
H1,L3,L4,H1,H5
H2,H4,H4,H2,L4
L1,W,H3,H4,W
H3,H1,H2,C,L3
H4,H4,H4,H2,W
H1,H2,H5,H3,H3
H5,W,W,L3,H1
L1,H4,C,L2,L4
C,H5,H3,H5,H2
H4,L4,H2,H3,H5
H3,H1,L3,H2,H2
H1,H5,L2,H5,H3
W,L3,H5,H1,H5
L2,W,L1,L4,H2
H2,L3,W,H5,H3
L3,L1,H1,H4,H5
H1,H5,H2,H2,L1
W,H3,H1,L3,H1
C,H2,L2,H1,H3
L1,H3,H3,H4,W
W,L2,L1,L2,L2
L2,H1,H1,H4,L3
L1,L4,H5,H1,H2
H4,H3,L3,W,S
H2,L2,H5,H3,L4
H1,L3,H1,H1,H1
H2,H2,W,W,W
S,H4,L2,L1,H1
L3,H3,H1,H1,L2