L1,L4,H4,H1,L2
L1,L4,H3,H1,L2
L5,W,H1,L4,H1
H2,L1,H4,L4,H1
S,L1,H4,H4,L2
H2,H2,H3,L1,L2
L4,H2,L4,H1,L1
L4,L2,H4,H1,L1
H4,L2,H4,H2,L5
L4,L3,L2,H2,L5
H4,L3,L2,L4,S
P,L3,L4,L4,L2
H3,L3,L4,L4,H3
H3,L5,L2,L1,H3
L3,L2,L3,L2,P
H1,L2,L3,P,L3
H1,H2,L2,L5,L3
H2,H3,L2,H2,P
L3,L5,L5,H2,H3
L3,L4,L3,L2,H3
P,L2,H1,L3,H4
H3,L3,L5,H1,L5
H3,L3,L5,L3,L5
H3,L1,L4,L1,H4
L2,H1,W,L1,H4
L2,H1,P,L1,H2
L3,L5,L4,L1,H2
L3,S,L4,P,L3
L4,H2,H1,L3,L3
L4,H4,L4,S,H3
H3,L3,L1,P,H3
L3,L3,L1,L4,H4
L2,H4,L1,L4,L4
L2,H4,L1,L2,H3
L2,H4,L2,L2,P
L1,L5,H2,H4,L1
L5,L5,H2,H4,L1
L3,H1,H4,H3,L5
L3,H1,H2,H3,L4
L1,L4,H2,L3,L4
L1,L4,H3,L3,L3
H4,P,H3,H4,L3
H3,L4,L2,L3,L2
H4,L5,L1,H2,L2
H4,L4,L1,L5,L1
L2,L4,L1,L2,L1
L5,L5,L1,L2,L1
L5,L5,L4,L3,H4
H1,L1,L4,L3,H4
H1,L5,L5,L1,L2
L4,H4,L2,L5,L2
L5,H4,L5,W,L1
H2,H1,L5,L5,L3
H2,L5,H3,L3,L5
P,L5,L2,L5,L5
L5,L2,P,H3,S
L5,L2,L4,H3,P
L2,L4,L4,L4,L5
L2,L3,H3,L3,L3
L5,H2,H3,P,L3
L3,H4,P,L3,L4
L3,H4,H2,L4,L4
L1,L5,H1,L4,H1
L1,L2,H1,L5,H1
H2,L2,L5,L5,H2
P,S,L3,L3,L4
L5,L2,H1,L2,L4
L5,H3,L3,L2,H2
L2,H3,L3,H2,H1
L2,L3,H1,L5,H2
H3,L1,L3,H4,H2
L4,P,L3,H4,H3
L4,L1,L3,L5,H3
H1,L2,L3,L5,H4
H1,L1,H2,H4,H4
L1,L1,P,H4,L3
H4,H2,H2,L4,W
L2,P,S,L4,H2
H2,H3,L4,L5,H4
H2,H3,H3,L5,L5
L5,H3,H4,H3,L5
L5,H3,H4,H3,L3
L4,L1,L2,H3,L3
L4,L4,L3,H2,L5
L4,H2,L5,H2,L5
H1,H4,L5,H1,L4
L3,H2,S,S,L4
L3,L1,L1,H4,L5
L1,L5,L5,H4,L1
L1,L1,H4,L2,L1
L1,H1,H4,L2,H1
L4,H1,L3,H3,H1
H4,H4,H3,H3,L2
H4,P,L5,L1,L2
L5,H3,L5,L1,H2
S,H3,H2,L2,H4
L5,L3,L1,H1,L4
H3,L3,L1,L1,L1
H4,L4,L5,L1,L4
H4,L4,L2,L5,L4
